brand,product_line,record_scope,nominal_shade,measured_vlt_pct,vlr_exterior_pct,vlr_interior_pct,uv_rejection,tser_pct,tser_range,glare_reduction_pct,ir_primary_metric,ir_primary_value,ir_primary_wavelength_nm,ir_secondary_metric,ir_secondary_value,ir_secondary_wavelength_nm,solar_transmittance_pct,solar_reflectance_pct,solar_absorbance_pct,shading_coefficient,shgc,thickness_mil,construction,warranty,substrate,test_standard,source_kind,source_url,source_date,verified_at,data_status,notes
Flexfilm,Duraflex,shade,5,8.0,6.0,5.4,>99,50,,,IR Rejected,66.5,900-1000,IR Rejected,56,780-2500,25.8,6.2,68,0.55,0.5,1.5,2-ply,,,,manufacturer_web,https://flexfilmstore.com/collections/automotive-window-tint,,2026-08-12,verified,Source value for Duraflex 15 UV rejection is preserved exactly as published in the captured manufacturer table.
Flexfilm,Duraflex,shade,15,14.3,6.1,5.4,<99,47,,,IR Rejected,62.1,900-1000,IR Rejected,52,780-2500,29.6,6.3,64.1,0.57,0.53,1.5,2-ply,,,,manufacturer_web,https://flexfilmstore.com/collections/automotive-window-tint,,2026-08-12,verified,Source value for Duraflex 15 UV rejection is preserved exactly as published in the captured manufacturer table.
Flexfilm,Duraflex,shade,20,21.9,6.3,5.6,>99,46,,,IR Rejected,65.9,900-1000,IR Rejected,53,780-2500,31.8,6.4,61.8,0.59,0.54,1.5,2-ply,,,,manufacturer_web,https://flexfilmstore.com/collections/automotive-window-tint,,2026-08-12,verified,Source value for Duraflex 15 UV rejection is preserved exactly as published in the captured manufacturer table.
Flexfilm,Duraflex,shade,35,34.7,6.8,6.2,>99,42,,,IR Rejected,63.9,900-1000,IR Rejected,51,780-2500,38.5,6.6,54.9,0.64,0.58,1.5,2-ply,,,,manufacturer_web,https://flexfilmstore.com/collections/automotive-window-tint,,2026-08-12,verified,Source value for Duraflex 15 UV rejection is preserved exactly as published in the captured manufacturer table.
Flexfilm,Duraflex,shade,50,45.8,7.3,6.8,>99,39,,,IR Rejected,64.5,900-1000,IR Rejected,51,780-2500,43.5,6.9,49.6,0.67,0.61,1.5,2-ply,,,,manufacturer_web,https://flexfilmstore.com/collections/automotive-window-tint,,2026-08-12,verified,Source value for Duraflex 15 UV rejection is preserved exactly as published in the captured manufacturer table.
Flexfilm,Nanoflex,shade,5,6,8.3,5.4,>99,72,,,IR Rejected,96,900-1000,IR Rejected,98.1,780-2500,5.3,7.7,87,0.39,0.28,1.5,2-ply,,,,manufacturer_web,https://flexfilmstore.com/collections/automotive-window-tint,,2026-08-12,verified,
Flexfilm,Nanoflex,shade,15,15,8.2,6.1,>99,70,,,IR Rejected,95,900-1000,IR Rejected,97.7,780-2500,10.4,7.6,82,0.43,0.3,1.5,2-ply,,,,manufacturer_web,https://flexfilmstore.com/collections/automotive-window-tint,,2026-08-12,verified,
Flexfilm,Nanoflex,shade,20,18,8.1,6.1,>99,67,,,IR Rejected,97,900-1000,IR Rejected,97.1,780-2500,11.5,7.5,81,0.44,0.33,1.5,2-ply,,,,manufacturer_web,https://flexfilmstore.com/collections/automotive-window-tint,,2026-08-12,verified,
Flexfilm,Nanoflex,shade,35,35,8.6,6,>99,60,,,IR Rejected,97,900-1000,IR Rejected,96.9,780-2500,19.3,7.7,73,0.51,0.4,1.5,2-ply,,,,manufacturer_web,https://flexfilmstore.com/collections/automotive-window-tint,,2026-08-12,verified,
Flexfilm,Nanoflex,shade,50,49,9.8,8.1,>99,58,,,IR Rejected,97,900-1000,IR Rejected,97.1,780-2500,24.6,8.5,67,0.54,0.42,1.5,2-ply,,,,manufacturer_web,https://flexfilmstore.com/collections/automotive-window-tint,,2026-08-12,verified,
Flexfilm,Nanoflex,shade,70,69,9.5,10.9,>99,52,,,IR Rejected,93,900-1000,IR Rejected,94,780-2500,33.2,6.8,60,0.62,0.48,1.5,2-ply,,,,manufacturer_web,https://flexfilmstore.com/collections/automotive-window-tint,,2026-08-12,verified,
Flexfilm,Panaflex,shade,5,5.5,8.93,7.07,>99,69.64,,,IR Rejected,84.01,900-1000,IR Rejected,85.04,780-2500,10.47,13.31,76.22,0.42,0.3716,1.5,2-ply,,,,manufacturer_web,https://flexfilmstore.com/collections/automotive-window-tint,,2026-08-12,verified,Captured table identifies Gen 7 Pana Black.
Flexfilm,Panaflex,shade,15,15.07,8.81,7.23,>99,66.35,,,IR Rejected,84.38,900-1000,IR Rejected,86.23,780-2500,14.9,13.23,71.87,0.45,0.3988,1.5,2-ply,,,,manufacturer_web,https://flexfilmstore.com/collections/automotive-window-tint,,2026-08-12,verified,Captured table identifies Gen 7 Pana Black.
Flexfilm,Panaflex,shade,20,19.5,9.1,7.31,>99,64.07,,,IR Rejected,82.34,900-1000,IR Rejected,84.36,780-2500,18.06,13.45,68.49,0.47,0.4185,1.5,2-ply,,,,manufacturer_web,https://flexfilmstore.com/collections/automotive-window-tint,,2026-08-12,verified,Captured table identifies Gen 7 Pana Black.
Flexfilm,Panaflex,shade,30,25.91,8.82,7.6,>99,63.46,,,IR Rejected,87.49,900-1000,IR Rejected,88.85,780-2500,18.76,13.08,68.18,0.48,0.4211,1.5,2-ply,,,,manufacturer_web,https://flexfilmstore.com/collections/automotive-window-tint,,2026-08-12,verified,Captured table identifies Gen 7 Pana Black.
Flexfilm,Panaflex,shade,35,31.86,9.32,7.87,>99,61.14,,,IR Rejected,86.35,900-1000,IR Rejected,87.77,780-2500,22.05,13.2,64.43,0.5,0.4404,1.5,2-ply,,,,manufacturer_web,https://flexfilmstore.com/collections/automotive-window-tint,,2026-08-12,verified,Captured table identifies Gen 7 Pana Black.
Flexfilm,Panaflex,shade,40,35.35,9.64,8.1,>99,60.57,,,IR Rejected,88.11,900-1000,IR Rejected,89.08,780-2500,22.87,13.68,63.45,0.51,0.4438,1.5,2-ply,,,,manufacturer_web,https://flexfilmstore.com/collections/automotive-window-tint,,2026-08-12,verified,Captured table identifies Gen 7 Pana Black.
Flexfilm,Panaflex,shade,50,47.3,9.35,8.81,>99,56.52,,,IR Rejected,88.19,900-1000,IR Rejected,89.18,780-2500,28.17,13.15,58.68,0.55,0.4778,1.5,2-ply,,,,manufacturer_web,https://flexfilmstore.com/collections/automotive-window-tint,,2026-08-12,verified,Captured table identifies Gen 7 Pana Black.
Flexfilm,Panaflex,shade,70,69.42,10.64,9.11,>99,46.76,,,IR Rejected,82.18,900-1000,IR Rejected,81.97,780-2500,41.88,14.6,43.52,0.65,0.5588,1.5,2-ply,,,,manufacturer_web,https://flexfilmstore.com/collections/automotive-window-tint,,2026-08-12,verified,Captured table identifies Gen 7 Pana Black.
Flexfilm,Terraflex,shade,5,5,4.6,4.6,>99,60,,,IR Rejected,74,900-1000,IR Rejected,67,780-2500,18.8,4.6,76.6,0.52,0.4,1.5,2-ply,,,,manufacturer_web,https://flexfilmstore.com/collections/automotive-window-tint,,2026-08-12,verified,
Flexfilm,Terraflex,shade,15,15,4.7,4.7,>99,54,,,IR Rejected,61,900-1000,IR Rejected,55,780-2500,29.3,4.8,65.9,0.54,0.46,1.5,2-ply,,,,manufacturer_web,https://flexfilmstore.com/collections/automotive-window-tint,,2026-08-12,verified,
Flexfilm,Terraflex,shade,20,20,4.7,4.8,>99,53,,,IR Rejected,56,900-1000,IR Rejected,50,780-2500,33.7,4.8,61.5,0.56,0.47,1.5,2-ply,,,,manufacturer_web,https://flexfilmstore.com/collections/automotive-window-tint,,2026-08-12,verified,
Flexfilm,Terraflex,shade,30,30,5.5,5.7,>99,51,,,IR Rejected,50,900-1000,IR Rejected,40,780-2500,43,7,50,0.67,0.49,1.5,2-ply,,,,manufacturer_web,https://flexfilmstore.com/collections/automotive-window-tint,,2026-08-12,verified,
Flexfilm,Terraflex,shade,35,36,5.2,5.4,>99,50,,,IR Rejected,52,900-1000,IR Rejected,47,780-2500,49.1,5.6,45.3,0.65,0.5,1.5,2-ply,,,,manufacturer_web,https://flexfilmstore.com/collections/automotive-window-tint,,2026-08-12,verified,
Flexfilm,Terraflex,shade,40,42,5.4,5.6,>99,47,,,IR Rejected,50,900-1000,IR Rejected,45,780-2500,53,5.8,41.2,0.67,0.53,1.5,2-ply,,,,manufacturer_web,https://flexfilmstore.com/collections/automotive-window-tint,,2026-08-12,verified,
Flexfilm,Terraflex,shade,50,52,5.9,6.1,>99,37,,,IR Rejected,48,900-1000,IR Rejected,42,780-2500,60.9,6.1,33,0.73,0.63,1.5,2-ply,,,,manufacturer_web,https://flexfilmstore.com/collections/automotive-window-tint,,2026-08-12,verified,
Flexfilm,Terraflex,shade,70,70,8.8,9.1,>99,22,,,IR Rejected,28.5,900-1000,IR Rejected,24.4,780-2500,70.7,8.4,20.9,0.88,0.78,1.5,2-ply,,,,manufacturer_web,https://flexfilmstore.com/collections/automotive-window-tint,,2026-08-12,verified,
Ceramic Pro / KAVACA,Carbon X,shade,5,5,,,99.9,61,,95,IR Rejection,95,,IR Rejection (film only),74,,,,,,,,nano-carbon,,,,manufacturer_web,https://ceramicpro.com/window-tint/,,2026-08-12,verified,
Ceramic Pro / KAVACA,Carbon X,shade,20,21,,,99.9,57,,82,IR Rejection,91,,IR Rejection (film only),54,,,,,,,,nano-carbon,,,,manufacturer_web,https://ceramicpro.com/window-tint/,,2026-08-12,verified,
Ceramic Pro / KAVACA,Carbon X,shade,35,38,,,99.9,51,,58,IR Rejection,83,,IR Rejection (film only),39,,,,,,,,nano-carbon,,,,manufacturer_web,https://ceramicpro.com/window-tint/,,2026-08-12,verified,
Ceramic Pro / KAVACA,Carbon X,shade,50,48,,,99.9,47,,29,IR Rejection,80,,IR Rejection (film only),32,,,,,,,,nano-carbon,,,,manufacturer_web,https://ceramicpro.com/window-tint/,,2026-08-12,verified,
Ceramic Pro / KAVACA,Ceramic X,shade,5,6,,,99+,63,,,IR Rejection,96,,,,,,,,,,1.5,ceramic,,,,manufacturer_web,https://ceramicpro.com/ceramic-x/,,2026-08-12,verified,
Ceramic Pro / KAVACA,Ceramic X,shade,20,19,,,99+,58,,,IR Rejection,92,,,,,,,,,,1.5,ceramic,,,,manufacturer_web,https://ceramicpro.com/ceramic-x/,,2026-08-12,verified,
Ceramic Pro / KAVACA,Ceramic X,shade,35,30,,,99+,53,,,IR Rejection,88,,,,,,,,,,1.5,ceramic,,,,manufacturer_web,https://ceramicpro.com/ceramic-x/,,2026-08-12,verified,
Ceramic Pro / KAVACA,Ceramic X,shade,50,40,,,99+,48,,,IR Rejection,87,,,,,,,,,,1.5,ceramic,,,,manufacturer_web,https://ceramicpro.com/ceramic-x/,,2026-08-12,verified,
Ceramic Pro / KAVACA,Ceramic IR,shade,5,8,,,99.9,66,,93,IR Rejection,96,,,,,,,,,,,nano-ceramic,,,,manufacturer_web,https://ceramicpro.com/kavaca/window-tint/ceramic-ir-window-tint/,,2026-08-12,verified,
Ceramic Pro / KAVACA,Ceramic IR,shade,15,17,,,99.9,64,,82,IR Rejection,94,,,,,,,,,,,nano-ceramic,,,,manufacturer_web,https://ceramicpro.com/kavaca/window-tint/ceramic-ir-window-tint/,,2026-08-12,verified,
Ceramic Pro / KAVACA,Ceramic IR,shade,25,24,,,99.9,59,,75,IR Rejection,93,,,,,,,,,,,nano-ceramic,,,,manufacturer_web,https://ceramicpro.com/kavaca/window-tint/ceramic-ir-window-tint/,,2026-08-12,verified,
Ceramic Pro / KAVACA,Ceramic IR,shade,35,36,,,99.9,55,,59,IR Rejection,92,,,,,,,,,,,nano-ceramic,,,,manufacturer_web,https://ceramicpro.com/kavaca/window-tint/ceramic-ir-window-tint/,,2026-08-12,verified,
Ceramic Pro / KAVACA,Ceramic IR,shade,45,46,,,99.9,49,,48,IR Rejection,93,,,,,,,,,,,nano-ceramic,,,,manufacturer_web,https://ceramicpro.com/kavaca/window-tint/ceramic-ir-window-tint/,,2026-08-12,verified,
Ceramic Pro / KAVACA,Ceramic IR,shade,55,53,,,99.9,49,,43,IR Rejection,91,,,,,,,,,,,nano-ceramic,,,,manufacturer_web,https://ceramicpro.com/kavaca/window-tint/ceramic-ir-window-tint/,,2026-08-12,verified,
Ceramic Pro / KAVACA,Ceramic IR,shade,70,70,,,99.9,44,,25,IR Rejection,88,,,,,,,,,,,nano-ceramic,,,,manufacturer_web,https://ceramicpro.com/kavaca/window-tint/ceramic-ir-window-tint/,,2026-08-12,verified,
Ceramic Pro / KAVACA,Ultimate IR,shade,5,5,,,99.9,69,,95,IR Rejection,99,,,,,,,,,,,advanced nano-ceramic,,"1/8"" (3mm) glass",ASTM & AIMCAL,manufacturer_web,https://ceramicpro.com/ultimate-ir/,,2026-08-12,verified,
Ceramic Pro / KAVACA,Ultimate IR,shade,15,16,,,99.9,67,,84,IR Rejection,98,,,,,,,,,,,advanced nano-ceramic,,"1/8"" (3mm) glass",ASTM & AIMCAL,manufacturer_web,https://ceramicpro.com/ultimate-ir/,,2026-08-12,verified,
Ceramic Pro / KAVACA,Ultimate IR,shade,30,30,,,99.9,65,,77,IR Rejection,98,,,,,,,,,,,advanced nano-ceramic,,"1/8"" (3mm) glass",ASTM & AIMCAL,manufacturer_web,https://ceramicpro.com/ultimate-ir/,,2026-08-12,verified,
Ceramic Pro / KAVACA,Ultimate IR,shade,35,36,,,99.9,63,,61,IR Rejection,98,,,,,,,,,,,advanced nano-ceramic,,"1/8"" (3mm) glass",ASTM & AIMCAL,manufacturer_web,https://ceramicpro.com/ultimate-ir/,,2026-08-12,verified,
Ceramic Pro / KAVACA,Ultimate IR,shade,45,45,,,99.9,61,,50,IR Rejection,98,,,,,,,,,,,advanced nano-ceramic,,"1/8"" (3mm) glass",ASTM & AIMCAL,manufacturer_web,https://ceramicpro.com/ultimate-ir/,,2026-08-12,verified,
Ceramic Pro / KAVACA,Ultimate IR,shade,55,56,,,99.9,58,,45,IR Rejection,97,,,,,,,,,,,advanced nano-ceramic,,"1/8"" (3mm) glass",ASTM & AIMCAL,manufacturer_web,https://ceramicpro.com/ultimate-ir/,,2026-08-12,verified,
Ceramic Pro / KAVACA,Ultimate IR,shade,70,66,,,99.9,56,,27,IR Rejection,96,,,,,,,,,,,advanced nano-ceramic,,"1/8"" (3mm) glass",ASTM & AIMCAL,manufacturer_web,https://ceramicpro.com/ultimate-ir/,,2026-08-12,verified,
Ceramic Pro / KAVACA,Ultimate IR,shade,80,74,,,99.9,53,,26,IR Rejection,95,,,,,,,,,,,advanced nano-ceramic,,"1/8"" (3mm) glass",ASTM & AIMCAL,manufacturer_web,https://ceramicpro.com/ultimate-ir/,,2026-08-12,verified,
KDX,Cosmic IR,shade,5,7,6,,>=99,58,,,IRR,90,900-1000,IRER,86,780-2500,,,,,,1.5,carbon IR,Lifetime,,,manufacturer_web,https://kdxfilms.com/automotive-film/,,2026-08-12,verified,
KDX,Cosmic IR,shade,15,14,6,,>=99,54,,,IRR,89,900-1000,IRER,68,780-2500,,,,,,1.5,carbon IR,Lifetime,,,manufacturer_web,https://kdxfilms.com/automotive-film/,,2026-08-12,verified,
KDX,Cosmic IR,shade,20,20,7,,>=99,52,,,IRR,88,900-1000,IRER,63,780-2500,,,,,,1.5,carbon IR,Lifetime,,,manufacturer_web,https://kdxfilms.com/automotive-film/,,2026-08-12,verified,
KDX,Cosmic IR,shade,35,35,7,,>=99,46,,,IRR,87,900-1000,IRER,53,780-2500,,,,,,1.5,carbon IR,Lifetime,,,manufacturer_web,https://kdxfilms.com/automotive-film/,,2026-08-12,verified,
KDX,Cosmic IR,shade,50,49,7,,>=99,42,,,IRR,86,900-1000,IRER,47,780-2500,,,,,,1.5,carbon IR,Lifetime,,,manufacturer_web,https://kdxfilms.com/automotive-film/,,2026-08-12,verified,
KDX,King,shade,15,15,6,,>=99,69,,,IRR,79,900-1000,IRER,80,780-2500,,,46,,,3.0,sputtered,Lifetime,,,manufacturer_web,https://kdxfilms.com/automotive-film/,,2026-08-12,verified,
KDX,King,shade,30,30,7,,>=99,65,,,IRR,80,900-1000,IRER,75,780-2500,,,38,,,3.0,sputtered,Lifetime,,,manufacturer_web,https://kdxfilms.com/automotive-film/,,2026-08-12,verified,
KDX,King,shade,40,40,6,,>=99,60,,,IRR,80,900-1000,IRER,77,780-2500,,,31,,,3.0,sputtered,Lifetime,,,manufacturer_web,https://kdxfilms.com/automotive-film/,,2026-08-12,verified,
KDX,King,shade,55,56,9,,>=99,54,,,IRR,78,900-1000,IRER,79,780-2500,,,23,,,3.0,sputtered,Lifetime,,,manufacturer_web,https://kdxfilms.com/automotive-film/,,2026-08-12,verified,
KDX,King,shade,70,70,11,,>=99,54,,,IRR,83,900-1000,IRER,81,780-2500,,,17,,,3.0,sputtered,Lifetime,,,manufacturer_web,https://kdxfilms.com/automotive-film/,,2026-08-12,verified,
KDX,Nova Carbon,shade,5,5,6,,>=99,57,,,IRR,72,900-1000,IRER,50,780-2500,,,,,,1.5,carbon,Lifetime,,,manufacturer_web,https://kdxfilms.com/automotive-film/,,2026-08-12,verified,
KDX,Nova Carbon,shade,15,16,6,,>=99,52,,,IRR,58,900-1000,IRER,38,780-2500,,,,,,1.5,carbon,Lifetime,,,manufacturer_web,https://kdxfilms.com/automotive-film/,,2026-08-12,verified,
KDX,Nova Carbon,shade,20,20,7,,>=99,50,,,IRR,56,900-1000,IRER,36,780-2500,,,,,,1.5,carbon,Lifetime,,,manufacturer_web,https://kdxfilms.com/automotive-film/,,2026-08-12,verified,
KDX,Nova Carbon,shade,35,35,7,,>=99,41,,,IRR,35,900-1000,IRER,22,780-2500,,,,,,1.5,carbon,Lifetime,,,manufacturer_web,https://kdxfilms.com/automotive-film/,,2026-08-12,verified,
KDX,Nova Carbon,shade,50,47,7,,>=99,32,,,IRR,22,900-1000,IRER,19,780-2500,,,,,,1.5,carbon,Lifetime,,,manufacturer_web,https://kdxfilms.com/automotive-film/,,2026-08-12,verified,
KDX,Stellar Ceramic,shade,5,5,8,,>=99,71,,,IRR,88,900-1000,IRER,67,780-2500,,,,,,2.0,ceramic,Lifetime,,,manufacturer_web,https://kdxfilms.com/automotive-film/,,2026-08-12,verified,
KDX,Stellar Ceramic,shade,20,20,8,,>=99,62,,,IRR,88,900-1000,IRER,64,780-2500,,,,,,2.0,ceramic,Lifetime,,,manufacturer_web,https://kdxfilms.com/automotive-film/,,2026-08-12,verified,
KDX,Stellar Ceramic,shade,35,34,8,,>=99,59,,,IRR,90,900-1000,IRER,68,780-2500,,,,,,2.0,ceramic,Lifetime,,,manufacturer_web,https://kdxfilms.com/automotive-film/,,2026-08-12,verified,
KDX,Stellar Ceramic,shade,50,49,8,,>=99,53,,,IRR,90,900-1000,IRER,67,780-2500,,,,,,2.0,ceramic,Lifetime,,,manufacturer_web,https://kdxfilms.com/automotive-film/,,2026-08-12,verified,
KDX,Stellar Ceramic,shade,70,70,9,,>=99,44,,,IRR,88,900-1000,IRER,66,780-2500,,,,,,2.0,ceramic,Lifetime,,,manufacturer_web,https://kdxfilms.com/automotive-film/,,2026-08-12,verified,
KDX,Stellar Ceramic,shade,80,80,10,,>=99,28,,,IRR,61,900-1000,IRER,34,780-2500,,,,,,2.0,ceramic,Lifetime,,,manufacturer_web,https://kdxfilms.com/automotive-film/,,2026-08-12,verified,
HITEK,Standard Black,shade,5,5,,,99,42,,95,,,,,,,49,,,,,dyed,5 year,,,manufacturer_spec_card,https://hitekfilms.com/automotive-window-tint/,,2026-08-12,verified,
HITEK,Standard Black,shade,15,16,,,99,41,,82,,,,,,,45,,,,,dyed,5 year,,,manufacturer_spec_card,https://hitekfilms.com/automotive-window-tint/,,2026-08-12,verified,
HITEK,Standard Black,shade,20,20,,,99,40,,78,,,,,,,46,,,,,dyed,5 year,,,manufacturer_spec_card,https://hitekfilms.com/automotive-window-tint/,,2026-08-12,verified,
HITEK,Standard Black,shade,30,32,,,99,37,,65,,,,,,,42,,,,,dyed,5 year,,,manufacturer_spec_card,https://hitekfilms.com/automotive-window-tint/,,2026-08-12,verified,
HITEK,Standard Black,shade,35,35,,,99,37,,62,,,,,,,41,,,,,dyed,5 year,,,manufacturer_spec_card,https://hitekfilms.com/automotive-window-tint/,,2026-08-12,verified,
HITEK,Standard Black,shade,40,43,,,99,34,,53,,,,,,,37,,,,,dyed,5 year,,,manufacturer_spec_card,https://hitekfilms.com/automotive-window-tint/,,2026-08-12,verified,
HITEK,Standard Black,shade,50,50,,,99,30,,45,,,,,,,32,,,,,dyed,5 year,,,manufacturer_spec_card,https://hitekfilms.com/automotive-window-tint/,,2026-08-12,verified,
HITEK,Classic Black,shade,5,5,,,99,42,,95,,,,,,,49,,,,,dyed,Lifetime,,,manufacturer_spec_card,https://hitekfilms.com/automotive-window-tint/,,2026-08-12,verified,
HITEK,Classic Black,shade,15,16,,,99,41,,82,,,,,,,45,,,,,dyed,Lifetime,,,manufacturer_spec_card,https://hitekfilms.com/automotive-window-tint/,,2026-08-12,verified,
HITEK,Classic Black,shade,20,20,,,99,40,,78,,,,,,,46,,,,,dyed,Lifetime,,,manufacturer_spec_card,https://hitekfilms.com/automotive-window-tint/,,2026-08-12,verified,
HITEK,Classic Black,shade,30,32,,,99,37,,65,,,,,,,42,,,,,dyed,Lifetime,,,manufacturer_spec_card,https://hitekfilms.com/automotive-window-tint/,,2026-08-12,verified,
HITEK,Classic Black,shade,35,35,,,99,37,,62,,,,,,,41,,,,,dyed,Lifetime,,,manufacturer_spec_card,https://hitekfilms.com/automotive-window-tint/,,2026-08-12,verified,
HITEK,Classic Black,shade,40,43,,,99,34,,53,,,,,,,37,,,,,dyed,Lifetime,,,manufacturer_spec_card,https://hitekfilms.com/automotive-window-tint/,,2026-08-12,verified,
HITEK,Classic Black,shade,50,50,,,99,30,,45,,,,,,,32,,,,,dyed,Lifetime,,,manufacturer_spec_card,https://hitekfilms.com/automotive-window-tint/,,2026-08-12,verified,
HITEK,Hybrid,shade,5,5,,,99,61,,94,IR Rejection,42,,,,,,,,,,,metalized,Lifetime,,,manufacturer_spec_card,https://hitekfilms.com/automotive-window-tint/,,2026-08-12,verified,
HITEK,Hybrid,shade,10,10,,,99,53,,89,IR Rejection,42,,,,,,,,,,,metalized,Lifetime,,,manufacturer_spec_card,https://hitekfilms.com/automotive-window-tint/,,2026-08-12,verified,
HITEK,Hybrid,shade,20,20,,,99,51,,78,IR Rejection,42,,,,,,,,,,,metalized,Lifetime,,,manufacturer_spec_card,https://hitekfilms.com/automotive-window-tint/,,2026-08-12,verified,
HITEK,Hybrid,shade,30,28,,,99,43,,69,IR Rejection,32,,,,,,,,,,,metalized,Lifetime,,,manufacturer_spec_card,https://hitekfilms.com/automotive-window-tint/,,2026-08-12,verified,
HITEK,Hybrid,shade,40,39,,,99,41,,57,IR Rejection,32,,,,,,,,,,,metalized,Lifetime,,,manufacturer_spec_card,https://hitekfilms.com/automotive-window-tint/,,2026-08-12,verified,
HITEK,Hybrid,shade,45,44,,,99,39,,52,IR Rejection,32,,,,,,,,,,,metalized,Lifetime,,,manufacturer_spec_card,https://hitekfilms.com/automotive-window-tint/,,2026-08-12,verified,
HITEK,Hybrid,shade,50,54,,,99,34,,41,IR Rejection,32,,,,,,,,,,,metalized,Lifetime,,,manufacturer_spec_card,https://hitekfilms.com/automotive-window-tint/,,2026-08-12,verified,
HITEK,Carbon IR,shade,5,5,,,99,61,,95,IR Rejection,62,,,,,,,,,,,nano-carbon,Lifetime,,,manufacturer_spec_card,https://hitekfilms.com/automotive-window-tint/,,2026-08-12,verified,
HITEK,Carbon IR,shade,15,15,,,99,53,,83,IR Rejection,48,,,,,,,,,,,nano-carbon,Lifetime,,,manufacturer_spec_card,https://hitekfilms.com/automotive-window-tint/,,2026-08-12,verified,
HITEK,Carbon IR,shade,20,20,,,99,50,,77,IR Rejection,44,,,,,,,,,,,nano-carbon,Lifetime,,,manufacturer_spec_card,https://hitekfilms.com/automotive-window-tint/,,2026-08-12,verified,
HITEK,Carbon IR,shade,35,35,,,99,41,,58,IR Rejection,40,,,,,,,,,,,nano-carbon,Lifetime,,,manufacturer_spec_card,https://hitekfilms.com/automotive-window-tint/,,2026-08-12,verified,
HITEK,Carbon IR,shade,40,40,,,99,36,,55,IR Rejection,39,,,,,,,,,,,nano-carbon,Lifetime,,,manufacturer_spec_card,https://hitekfilms.com/automotive-window-tint/,,2026-08-12,verified,
HITEK,Carbon IR,shade,50,51,,,99,32,,42,IR Rejection,35,,,,,,,,,,,nano-carbon,Lifetime,,,manufacturer_spec_card,https://hitekfilms.com/automotive-window-tint/,,2026-08-12,verified,
HITEK,Ceramic IR,shade,5,5,,,99,65,,95,IR Rejection,75,,,,,,,,,,,ceramic,Lifetime,,,manufacturer_spec_card,https://hitekfilms.com/automotive-window-tint/,,2026-08-12,verified,
HITEK,Ceramic IR,shade,15,15,,,99,60,,83,IR Rejection,73,,,,,,,,,,,ceramic,Lifetime,,,manufacturer_spec_card,https://hitekfilms.com/automotive-window-tint/,,2026-08-12,verified,
HITEK,Ceramic IR,shade,20,19,,,99,55,,77,IR Rejection,72,,,,,,,,,,,ceramic,Lifetime,,,manufacturer_spec_card,https://hitekfilms.com/automotive-window-tint/,,2026-08-12,verified,
HITEK,Ceramic IR,shade,35,36,,,99,50,,58,IR Rejection,75,,,,,,,,,,,ceramic,Lifetime,,,manufacturer_spec_card,https://hitekfilms.com/automotive-window-tint/,,2026-08-12,verified,
HITEK,Ceramic IR,shade,40,39,,,99,47,,55,IR Rejection,73,,,,,,,,,,,ceramic,Lifetime,,,manufacturer_spec_card,https://hitekfilms.com/automotive-window-tint/,,2026-08-12,verified,
HITEK,Ceramic IR,shade,50,51,,,99,43,,42,IR Rejection,70,,,,,,,,,,,ceramic,Lifetime,,,manufacturer_spec_card,https://hitekfilms.com/automotive-window-tint/,,2026-08-12,verified,
HITEK,Ceramic IR,shade,70,68,,,99,35,,41,IR Rejection,73,,,,,,,,,,,ceramic,Lifetime,,,manufacturer_spec_card,https://hitekfilms.com/automotive-window-tint/,,2026-08-12,verified,
HITEK,Ceramic Plus,shade,5,6,,,99,69,,93,IR Rejection,90,,,,,,,,,,,nano-ceramic with IR coating,Lifetime,,,manufacturer_spec_card,https://hitekfilms.com/automotive-window-tint/,,2026-08-12,verified,
HITEK,Ceramic Plus,shade,20,20,,,99,65,,78,IR Rejection,90,,,,,,,,,,,nano-ceramic with IR coating,Lifetime,,,manufacturer_spec_card,https://hitekfilms.com/automotive-window-tint/,,2026-08-12,verified,
HITEK,Ceramic Plus,shade,35,36,,,99,60,,60,IR Rejection,90,,,,,,,,,,,nano-ceramic with IR coating,Lifetime,,,manufacturer_spec_card,https://hitekfilms.com/automotive-window-tint/,,2026-08-12,verified,
HITEK,Ceramic Plus,shade,50,50,,,99,56,,45,IR Rejection,90,,,,,,,,,,,nano-ceramic with IR coating,Lifetime,,,manufacturer_spec_card,https://hitekfilms.com/automotive-window-tint/,,2026-08-12,verified,
HITEK,Ceramic Ultra,shade,5,6,,,99,71,,94,IR Rejection,96,,,,,,,,,,,ceramic,Lifetime,,,manufacturer_spec_card,https://hitekfilms.com/automotive-window-tint/,,2026-08-12,verified,
HITEK,Ceramic Ultra,shade,20,18,,,99,66,,84,IR Rejection,96,,,,,,,,,,,ceramic,Lifetime,,,manufacturer_spec_card,https://hitekfilms.com/automotive-window-tint/,,2026-08-12,verified,
HITEK,Ceramic Ultra,shade,35,38,,,99,59,,78,IR Rejection,96,,,,,,,,,,,ceramic,Lifetime,,,manufacturer_spec_card,https://hitekfilms.com/automotive-window-tint/,,2026-08-12,verified,
HITEK,Ceramic Ultra,shade,50,54,,,99,56,,63,IR Rejection,96,,,,,,,,,,,ceramic,Lifetime,,,manufacturer_spec_card,https://hitekfilms.com/automotive-window-tint/,,2026-08-12,verified,
HITEK,Ceramic Ultra,shade,70,66,,,99,49,,44,IR Rejection,96,,,,,,,,,,,ceramic,Lifetime,,,manufacturer_spec_card,https://hitekfilms.com/automotive-window-tint/,,2026-08-12,verified,
HITEK,Ceramic Black,shade,5,5,,,,,,,IR Rejection,78,1025,,,,,,,,,,nano-ceramic / dyed base,,,,manufacturer_web,https://hitekfilms.com/product/ceramic-black-window-tint/,,2026-08-12,conflicting,"Only this exact source-specific data point is retained. The lineup page separately advertises 85% IR without a shade, so no broader per-shade IR claim is inferred."
SolarFX,Black FX3 Series,shade,5,5,6,,99,66,,95,IR Rejection,79,,,,11,6,83,,, ,nano-ceramic,,,,manufacturer_web_table,https://solarfxwindowfilms.com/,,2026-08-12,verified,
SolarFX,Black FX3 Series,shade,15,15,6,,99,64,,84,IR Rejection,79,,,,14,6,80,,, ,nano-ceramic,,,,manufacturer_web_table,https://solarfxwindowfilms.com/,,2026-08-12,verified,
SolarFX,Black FX3 Series,shade,20,20,6,,99,61,,78,IR Rejection,79,,,,17,6,77,,, ,nano-ceramic,,,,manufacturer_web_table,https://solarfxwindowfilms.com/,,2026-08-12,verified,
SolarFX,Black FX3 Series,shade,30,30,7,,99,57,,65,IR Rejection,79,,,,23,6,71,,, ,nano-ceramic,,,,manufacturer_web_table,https://solarfxwindowfilms.com/,,2026-08-12,verified,
SolarFX,Black FX3 Series,shade,35,35,7,,99,56,,60,IR Rejection,79,,,,24,6,70,,, ,nano-ceramic,,,,manufacturer_web_table,https://solarfxwindowfilms.com/,,2026-08-12,verified,
SolarFX,Black FX3 Series,shade,42,42,7,,99,54,,53,IR Rejection,79,,,,28,6,66,,, ,nano-ceramic,,,,manufacturer_web_table,https://solarfxwindowfilms.com/,,2026-08-12,verified,
SolarFX,Black FX3 Series,shade,45,45,7,,99,52,,49,IR Rejection,79,,,,30,6,64,,, ,nano-ceramic,,,,manufacturer_web_table,https://solarfxwindowfilms.com/,,2026-08-12,verified,
SolarFX,Black FX3 Series,shade,55,55,7,,99,50,,40,IR Rejection,79,,,,33,6,61,,, ,nano-ceramic,,,,manufacturer_web_table,https://solarfxwindowfilms.com/,,2026-08-12,verified,
SolarFX,Black FX3 Series,shade,65,65,8,,99,49,,27,IR Rejection,86,,,,35,7,58,,, ,nano-ceramic,,,,manufacturer_web_table,https://solarfxwindowfilms.com/,,2026-08-12,verified,
SolarFX,CarbonFX Series,shade,5,5,6,,99,42,,95,,,,,,45,7,48,,, ,dyed,,,,manufacturer_web_table,https://solarfxwindowfilms.com/,,2026-08-12,verified,
SolarFX,CarbonFX Series,shade,15,16,6,,99,41,,82,,,,,,46,6,48,,, ,dyed,,,,manufacturer_web_table,https://solarfxwindowfilms.com/,,2026-08-12,verified,
SolarFX,CarbonFX Series,shade,20,20,6,,99,40,,78,,,,,,47,6,47,,, ,dyed,,,,manufacturer_web_table,https://solarfxwindowfilms.com/,,2026-08-12,verified,
SolarFX,CarbonFX Series,shade,30,32,6,,99,37,,65,,,,,,53,6,41,,, ,dyed,,,,manufacturer_web_table,https://solarfxwindowfilms.com/,,2026-08-12,verified,
SolarFX,CarbonFX Series,shade,35,35,6,,99,37,,62,,,,,,54,6,40,,, ,dyed,,,,manufacturer_web_table,https://solarfxwindowfilms.com/,,2026-08-12,verified,
SolarFX,CarbonFX Series,shade,43,43,6,,99,33,,53,,,,,,56,6,38,,, ,dyed,,,,manufacturer_web_table,https://solarfxwindowfilms.com/,,2026-08-12,verified,
SolarFX,CarbonFX Series,shade,50,50,6,,99,30,,46,,,,,,60,6,34,,, ,dyed,,,,manufacturer_web_table,https://solarfxwindowfilms.com/,,2026-08-12,verified,
SolarFX,Classic Series,shade,5,5,6,,99,42,,95,,,,,,44,7,49,,, ,dyed,,,,manufacturer_web_table,https://solarfxwindowfilms.com/,,2026-08-12,verified,
SolarFX,Classic Series,shade,20,20,6,,99,40,,78,,,,,,47,7,46,,, ,dyed,,,,manufacturer_web_table,https://solarfxwindowfilms.com/,,2026-08-12,verified,
SolarFX,Classic Series,shade,35,35,6,,99,37,,62,,,,,,52,7,41,,, ,dyed,,,,manufacturer_web_table,https://solarfxwindowfilms.com/,,2026-08-12,verified,
SolarFX,FX Plus Series,shade,5,5,6,,99,70,,93,IR Rejection,96,,,,5,6,89,,, ,nano-ceramic,,,,manufacturer_web_table,https://solarfxwindowfilms.com/,,2026-08-12,verified,
SolarFX,FX Plus Series,shade,15,15,6,,99,67,,85,IR Rejection,96,,,,6,9,85,,, ,nano-ceramic,,,,manufacturer_web_table,https://solarfxwindowfilms.com/,,2026-08-12,verified,
SolarFX,FX Plus Series,shade,20,20,7,,99,66,,79,IR Rejection,96,,,,11,7,82,,, ,nano-ceramic,,,,manufacturer_web_table,https://solarfxwindowfilms.com/,,2026-08-12,verified,
SolarFX,FX Plus Series,shade,30,30,7,,99,62,,67,IR Rejection,96,,,,16,6,78,,, ,nano-ceramic,,,,manufacturer_web_table,https://solarfxwindowfilms.com/,,2026-08-12,verified,
SolarFX,FX Plus Series,shade,35,35,8,,99,63,,64,IR Rejection,96,,,,17,8,75,,, ,nano-ceramic,,,,manufacturer_web_table,https://solarfxwindowfilms.com/,,2026-08-12,verified,
SolarFX,FX Plus Series,shade,43,43,8,,99,59,,52,IR Rejection,96,,,,21,7,72,,, ,nano-ceramic,,,,manufacturer_web_table,https://solarfxwindowfilms.com/,,2026-08-12,verified,
SolarFX,FX Plus Series,shade,50,50,8,,99,57,,46,IR Rejection,96,,,,23,6,71,,, ,nano-ceramic,,,,manufacturer_web_table,https://solarfxwindowfilms.com/,,2026-08-12,verified,
SolarFX,FX Plus Series,shade,65,65,8,,99,50,,29,IR Rejection,96,,,,33,7,60,,, ,nano-ceramic,,,,manufacturer_web_table,https://solarfxwindowfilms.com/,,2026-08-12,verified,
SolarFX,FXtreme2 Series,shade,5,5,6,,99,66,,96,IR Rejection,76,,,,11,6,83,,, ,nano-ceramic,,,,manufacturer_web_table,https://solarfxwindowfilms.com/,,2026-08-12,verified,
SolarFX,FXtreme2 Series,shade,13,13,6,,99,64,,86,IR Rejection,78,,,,13,6,81,,, ,nano-ceramic,,,,manufacturer_web_table,https://solarfxwindowfilms.com/,,2026-08-12,verified,
SolarFX,FXtreme2 Series,shade,20,18,6,,99,62,,82,IR Rejection,76,,,,16,6,78,,, ,nano-ceramic,,,,manufacturer_web_table,https://solarfxwindowfilms.com/,,2026-08-12,verified,
SolarFX,FXtreme2 Series,shade,30,32,7,,99,58,,65,IR Rejection,76,,,,23,6,71,,, ,nano-ceramic,,,,manufacturer_web_table,https://solarfxwindowfilms.com/,,2026-08-12,verified,
SolarFX,FXtreme2 Series,shade,35,37,7,,99,56,,58,IR Rejection,76,,,,25,6,69,,, ,nano-ceramic,,,,manufacturer_web_table,https://solarfxwindowfilms.com/,,2026-08-12,verified,
SolarFX,FXtreme2 Series,shade,40,41,7,,99,53,,54,IR Rejection,76,,,,28,6,66,,, ,nano-ceramic,,,,manufacturer_web_table,https://solarfxwindowfilms.com/,,2026-08-12,verified,
SolarFX,FXtreme2 Series,shade,45,45,7,,99,52,,49,IR Rejection,76,,,,30,6,64,,, ,nano-ceramic,,,,manufacturer_web_table,https://solarfxwindowfilms.com/,,2026-08-12,verified,
SolarFX,FXtreme2 Series,shade,50,50,7,,99,51,,45,IR Rejection,76,,,,31,6,63,,, ,nano-ceramic,,,,manufacturer_web_table,https://solarfxwindowfilms.com/,,2026-08-12,verified,
SolarFX,FXtreme2 Series,shade,70,70,8,,99,49,,24,IR Rejection,88,,,,35,7,58,,, ,nano-ceramic,,,,manufacturer_web_table,https://solarfxwindowfilms.com/,,2026-08-12,verified,
SolarFX,FXtreme2 Series,shade,80,79,9,,99,40,,13,IR Rejection,72,,,,47,7,46,,, ,nano-ceramic,,,,manufacturer_web_table,https://solarfxwindowfilms.com/,,2026-08-12,verified,
SolarFX,HybridFX Series,shade,5,4,5,,99,61,,94,,,,,,21,12,68,,, ,metalized hybrid,,,,manufacturer_web_table,https://solarfxwindowfilms.com/,,2026-08-12,verified,
SolarFX,HybridFX Series,shade,10,10,5,,99,53,,89,,,,,,29,8,63,,, ,metalized hybrid,,,,manufacturer_web_table,https://solarfxwindowfilms.com/,,2026-08-12,verified,
SolarFX,HybridFX Series,shade,20,20,6,,99,51,,78,,,,,,32,9,59,,, ,metalized hybrid,,,,manufacturer_web_table,https://solarfxwindowfilms.com/,,2026-08-12,verified,
SolarFX,HybridFX Series,shade,30,29,7,,99,43,,69,,,,,,43,6,51,,, ,metalized hybrid,,,,manufacturer_web_table,https://solarfxwindowfilms.com/,,2026-08-12,verified,
SolarFX,HybridFX Series,shade,35,35,7,,99,48,,60,,,,,,37,9,54,,, ,metalized hybrid,,,,manufacturer_web_table,https://solarfxwindowfilms.com/,,2026-08-12,verified,
SolarFX,HybridFX Series,shade,40,41,7,,99,41,,57,,,,,,45,7,48,,, ,metalized hybrid,,,,manufacturer_web_table,https://solarfxwindowfilms.com/,,2026-08-12,verified,
SolarFX,HybridFX Series,shade,45,45,7,,99,39,,52,,,,,,48,7,44,,, ,metalized hybrid,,,,manufacturer_web_table,https://solarfxwindowfilms.com/,,2026-08-12,verified,
SolarFX,HybridFX Series,shade,50,48,7,,99,36,,40,,,,,,54,7,39,,, ,metalized hybrid,,,,manufacturer_web_table,https://solarfxwindowfilms.com/,,2026-08-12,verified,
SolarFX,IRFX Series,shade,5,5,8,,99,61,,94,IR Rejection,62,,,,18,7,75,,, ,nano-ceramic,,,,manufacturer_web_table,https://solarfxwindowfilms.com/,,2026-08-12,verified,
SolarFX,IRFX Series,shade,15,14,8,,99,59,,85,IR Rejection,62,,,,21,8,71,,, ,nano-ceramic,,,,manufacturer_web_table,https://solarfxwindowfilms.com/,,2026-08-12,verified,
SolarFX,IRFX Series,shade,20,18,8,,99,58,,81,IR Rejection,62,,,,22,8,70,,, ,nano-ceramic,,,,manufacturer_web_table,https://solarfxwindowfilms.com/,,2026-08-12,verified,
SolarFX,IRFX Series,shade,25,25,8,,99,55,,73,IR Rejection,62,,,,27,8,65,,, ,nano-ceramic,,,,manufacturer_web_table,https://solarfxwindowfilms.com/,,2026-08-12,verified,
SolarFX,IRFX Series,shade,30,31,9,,99,53,,66,IR Rejection,62,,,,30,8,62,,, ,nano-ceramic,,,,manufacturer_web_table,https://solarfxwindowfilms.com/,,2026-08-12,verified,
SolarFX,IRFX Series,shade,38,38,9,,99,51,,57,IR Rejection,62,,,,33,8,59,,, ,nano-ceramic,,,,manufacturer_web_table,https://solarfxwindowfilms.com/,,2026-08-12,verified,
SolarFX,IRFX Series,shade,45,45,9,,99,48,,51,IR Rejection,62,,,,36,8,56,,, ,nano-ceramic,,,,manufacturer_web_table,https://solarfxwindowfilms.com/,,2026-08-12,verified,
SolarFX,Vintage Series,shade,5,5,6,,99,42,,95,,,,,,40,7,53,,, ,dyed,,,,manufacturer_web_table,https://solarfxwindowfilms.com/,,2026-08-12,verified,
SolarFX,Vintage Series,shade,15,15,6,,99,41,,83,,,,,,44,6,50,,, ,dyed,,,,manufacturer_web_table,https://solarfxwindowfilms.com/,,2026-08-12,verified,
SolarFX,Vintage Series,shade,20,20,6,,99,40,,78,,,,,,45,7,48,,, ,dyed,,,,manufacturer_web_table,https://solarfxwindowfilms.com/,,2026-08-12,verified,
SolarFX,Vintage Series,shade,30,32,6,,99,37,,65,,,,,,53,6,41,,, ,dyed,,,,manufacturer_web_table,https://solarfxwindowfilms.com/,,2026-08-12,verified,
SolarFX,Vintage Series,shade,35,35,6,,99,37,,62,,,,,,50,7,43,,, ,dyed,,,,manufacturer_web_table,https://solarfxwindowfilms.com/,,2026-08-12,verified,
SolarFX,Vintage Series,shade,43,43,6,,99,33,,53,,,,,,55,6,39,,, ,dyed,,,,manufacturer_web_table,https://solarfxwindowfilms.com/,,2026-08-12,verified,
SolarFX,Vintage Series,shade,50,50,6,,99,30,,45,,,,,,57,7,36,,, ,dyed,,,,manufacturer_web_table,https://solarfxwindowfilms.com/,,2026-08-12,verified,
Rogue,Eclipse CS,shade,5,5,,,99,42,,,,,,,,,,,,,,deep dyed color-stable,Limited Lifetime,,,manufacturer_web,https://roguewindowfilms.com/auto-films/eclipse-cs/,,2026-08-12,verified,
Rogue,Eclipse CS,shade,15,15,,,99,41,,,,,,,,,,,,,,deep dyed color-stable,Limited Lifetime,,,manufacturer_web,https://roguewindowfilms.com/auto-films/eclipse-cs/,,2026-08-12,verified,
Rogue,Eclipse CS,shade,20,20,,,99,40,,,,,,,,,,,,,,deep dyed color-stable,Limited Lifetime,,,manufacturer_web,https://roguewindowfilms.com/auto-films/eclipse-cs/,,2026-08-12,verified,
Rogue,Eclipse CS,shade,30,30,,,99,37,,,,,,,,,,,,,,deep dyed color-stable,Limited Lifetime,,,manufacturer_web,https://roguewindowfilms.com/auto-films/eclipse-cs/,,2026-08-12,verified,
Rogue,Eclipse CS,shade,35,35,,,99,37,,,,,,,,,,,,,,deep dyed color-stable,Limited Lifetime,,,manufacturer_web,https://roguewindowfilms.com/auto-films/eclipse-cs/,,2026-08-12,verified,
Rogue,Eclipse CS,shade,45,45,,,99,33,,,,,,,,,,,,,,deep dyed color-stable,Limited Lifetime,,,manufacturer_web,https://roguewindowfilms.com/auto-films/eclipse-cs/,,2026-08-12,verified,
Rogue,Eclipse CS,shade,50,50,,,99,30,,,,,,,,,,,,,,deep dyed color-stable,Limited Lifetime,,,manufacturer_web,https://roguewindowfilms.com/auto-films/eclipse-cs/,,2026-08-12,verified,
Rogue,Eclipse Carbon,shade,3,3,,,99,67,,,IR Rejection,77,,,,,,,,,,,carbon,Limited Lifetime,,,manufacturer_web,https://roguewindowfilms.com/auto-films/eclipse-carbon/,,2026-08-12,verified,
Rogue,Eclipse Carbon,shade,5,5,,,99,63,,,IR Rejection,72,,,,,,,,,,,carbon,Limited Lifetime,,,manufacturer_web,https://roguewindowfilms.com/auto-films/eclipse-carbon/,,2026-08-12,verified,
Rogue,Eclipse Carbon,shade,15,15,,,99,59,,,IR Rejection,56,,,,,,,,,,,carbon,Limited Lifetime,,,manufacturer_web,https://roguewindowfilms.com/auto-films/eclipse-carbon/,,2026-08-12,verified,
Rogue,Eclipse Carbon,shade,20,20,,,99,53,,,IR Rejection,56,,,,,,,,,,,carbon,Limited Lifetime,,,manufacturer_web,https://roguewindowfilms.com/auto-films/eclipse-carbon/,,2026-08-12,verified,
Rogue,Eclipse Carbon,shade,30,30,,,99,48,,,IR Rejection,56,,,,,,,,,,,carbon,Limited Lifetime,,,manufacturer_web,https://roguewindowfilms.com/auto-films/eclipse-carbon/,,2026-08-12,verified,
Rogue,Eclipse Carbon,shade,35,35,,,99,46,,,IR Rejection,54,,,,,,,,,,,carbon,Limited Lifetime,,,manufacturer_web,https://roguewindowfilms.com/auto-films/eclipse-carbon/,,2026-08-12,verified,
Rogue,Eclipse Carbon,shade,42,42,,,99,43,,,IR Rejection,56,,,,,,,,,,,carbon,Limited Lifetime,,,manufacturer_web,https://roguewindowfilms.com/auto-films/eclipse-carbon/,,2026-08-12,verified,
Rogue,Eclipse Carbon,shade,50,50,,,99,39,,,IR Rejection,56,,,,,,,,,,,carbon,Limited Lifetime,,,manufacturer_web,https://roguewindowfilms.com/auto-films/eclipse-carbon/,,2026-08-12,verified,
Rogue,Eclipse Carbon Ceramic,shade,5,5,,,99,72,,,IR Rejection,89,,,,,,,,,,,carbon ceramic,Limited Lifetime,,,manufacturer_web,https://roguewindowfilms.com/auto-films/eclipse-carbon-ceramic/,,2026-08-12,verified,
Rogue,Eclipse Carbon Ceramic,shade,15,15,,,99,65,,,IR Rejection,84,,,,,,,,,,,carbon ceramic,Limited Lifetime,,,manufacturer_web,https://roguewindowfilms.com/auto-films/eclipse-carbon-ceramic/,,2026-08-12,verified,
Rogue,Eclipse Carbon Ceramic,shade,20,20,,,99,64,,,IR Rejection,84,,,,,,,,,,,carbon ceramic,Limited Lifetime,,,manufacturer_web,https://roguewindowfilms.com/auto-films/eclipse-carbon-ceramic/,,2026-08-12,verified,
Rogue,Eclipse Carbon Ceramic,shade,30,30,,,99,63,,,IR Rejection,84,,,,,,,,,,,carbon ceramic,Limited Lifetime,,,manufacturer_web,https://roguewindowfilms.com/auto-films/eclipse-carbon-ceramic/,,2026-08-12,verified,
Rogue,Eclipse Carbon Ceramic,shade,35,35,,,99,61,,,IR Rejection,84,,,,,,,,,,,carbon ceramic,Limited Lifetime,,,manufacturer_web,https://roguewindowfilms.com/auto-films/eclipse-carbon-ceramic/,,2026-08-12,verified,
Rogue,Eclipse Carbon Ceramic,shade,42,42,,,99,57,,,IR Rejection,84,,,,,,,,,,,carbon ceramic,Limited Lifetime,,,manufacturer_web,https://roguewindowfilms.com/auto-films/eclipse-carbon-ceramic/,,2026-08-12,verified,
Rogue,Eclipse Carbon Ceramic,shade,50,50,,,99,56,,,IR Rejection,83,,,,,,,,,,,carbon ceramic,Limited Lifetime,,,manufacturer_web,https://roguewindowfilms.com/auto-films/eclipse-carbon-ceramic/,,2026-08-12,verified,
Rogue,Eclipse Carbon Ceramic,shade,70,70,,,99,48,,,IR Rejection,83,,,,,,,,,,,carbon ceramic,Limited Lifetime,,,manufacturer_web,https://roguewindowfilms.com/auto-films/eclipse-carbon-ceramic/,,2026-08-12,verified,
Rogue,Eclipse IR,shade,5,5,,,99,62,,,IR Rejection,75,,,,,,,,,,,nano-ceramic,Limited Lifetime,,,manufacturer_web,https://roguewindowfilms.com/auto-films/eclipse-ir/,,2026-08-12,verified,
Rogue,Eclipse IR,shade,15,15,,,99,60,,,IR Rejection,75,,,,,,,,,,,nano-ceramic,Limited Lifetime,,,manufacturer_web,https://roguewindowfilms.com/auto-films/eclipse-ir/,,2026-08-12,verified,
Rogue,Eclipse IR,shade,20,20,,,99,58,,,IR Rejection,75,,,,,,,,,,,nano-ceramic,Limited Lifetime,,,manufacturer_web,https://roguewindowfilms.com/auto-films/eclipse-ir/,,2026-08-12,verified,
Rogue,Eclipse IR,shade,30,30,,,99,54,,,IR Rejection,75,,,,,,,,,,,nano-ceramic,Limited Lifetime,,,manufacturer_web,https://roguewindowfilms.com/auto-films/eclipse-ir/,,2026-08-12,verified,
Rogue,Eclipse IR,shade,35,35,,,99,54,,,IR Rejection,75,,,,,,,,,,,nano-ceramic,Limited Lifetime,,,manufacturer_web,https://roguewindowfilms.com/auto-films/eclipse-ir/,,2026-08-12,verified,
Rogue,Eclipse IR,shade,55,56,,,99,48,,,IR Rejection,75,,,,,,,,,,,nano-ceramic,Limited Lifetime,,,manufacturer_web,https://roguewindowfilms.com/auto-films/eclipse-ir/,,2026-08-12,verified,
Rogue,Eclipse IR,shade,70,68,,,99,47,,,IR Rejection,79,,,,,,,,,,,nano-ceramic,Limited Lifetime,,,manufacturer_web,https://roguewindowfilms.com/auto-films/eclipse-ir/,,2026-08-12,verified,
Rayno,Phantom S5,shade,5,5,5.7,5.0,99.9,66,,,IR Rejection,72,,,,,,,,0.47,,,carbon ceramic,,,,manufacturer_web,https://www.raynofilm.com/automotive/phantom,,2026-08-12,verified,Manufacturer page also reports <1% fading rate.
Rayno,Phantom S5,shade,15,15,5.7,5.3,99.9,59,,,IR Rejection,58,,,,,,,,0.55,,,carbon ceramic,,,,manufacturer_web,https://www.raynofilm.com/automotive/phantom,,2026-08-12,verified,Manufacturer page also reports <1% fading rate.
Rayno,Phantom S5,shade,20,20,5.2,5.2,99.9,51,,,IR Rejection,53,,,,,,,,0.62,,,carbon ceramic,,,,manufacturer_web,https://www.raynofilm.com/automotive/phantom,,2026-08-12,verified,Manufacturer page also reports <1% fading rate.
Rayno,Phantom S5,shade,30,30,5.6,5.4,99.9,49,,,IR Rejection,56,,,,,,,,0.65,,,carbon ceramic,,,,manufacturer_web,https://www.raynofilm.com/automotive/phantom,,2026-08-12,verified,Manufacturer page also reports <1% fading rate.
Rayno,Phantom S5,shade,35,35,6.1,5.8,99.9,51,,,IR Rejection,53,,,,,,,,0.63,,,carbon ceramic,,,,manufacturer_web,https://www.raynofilm.com/automotive/phantom,,2026-08-12,verified,Manufacturer page also reports <1% fading rate.
Rayno,Phantom S5,shade,40,40,6.1,6.2,99.9,46,,,IR Rejection,55,,,,,,,,0.68,,,carbon ceramic,,,,manufacturer_web,https://www.raynofilm.com/automotive/phantom,,2026-08-12,verified,Manufacturer page also reports <1% fading rate.
Rayno,Phantom S5,shade,50,50,6.6,6.5,99.9,41,,,IR Rejection,56,,,,,,,,0.73,,,carbon ceramic,,,,manufacturer_web,https://www.raynofilm.com/automotive/phantom,,2026-08-12,verified,Manufacturer page also reports <1% fading rate.
Rayno,Phantom S7,shade,5,5,5.5,5.1,99.9,66,,,IR Rejection,81,,,,,,,,0.48,,,carbon ceramic,,,,manufacturer_web,https://www.raynofilm.com/automotive/phantom,,2026-08-12,verified,Manufacturer page also reports <1% fading rate.
Rayno,Phantom S7,shade,15,15,4.9,5.2,99.9,61,,,IR Rejection,70,,,,,,,,0.53,,,carbon ceramic,,,,manufacturer_web,https://www.raynofilm.com/automotive/phantom,,2026-08-12,verified,Manufacturer page also reports <1% fading rate.
Rayno,Phantom S7,shade,20,20,5.4,5.4,99.9,58,,,IR Rejection,73,,,,,,,,0.55,,,carbon ceramic,,,,manufacturer_web,https://www.raynofilm.com/automotive/phantom,,2026-08-12,verified,Manufacturer page also reports <1% fading rate.
Rayno,Phantom S7,shade,30,30,5.3,5.7,99.9,54,,,IR Rejection,74,,,,,,,,0.59,,,carbon ceramic,,,,manufacturer_web,https://www.raynofilm.com/automotive/phantom,,2026-08-12,verified,Manufacturer page also reports <1% fading rate.
Rayno,Phantom S7,shade,35,35,5.7,5.9,99.9,54,,,IR Rejection,70,,,,,,,,0.6,,,carbon ceramic,,,,manufacturer_web,https://www.raynofilm.com/automotive/phantom,,2026-08-12,verified,Manufacturer page also reports <1% fading rate.
Rayno,Phantom S7,shade,40,40,6.2,6.3,99.9,50,,,IR Rejection,70,,,,,,,,0.64,,,carbon ceramic,,,,manufacturer_web,https://www.raynofilm.com/automotive/phantom,,2026-08-12,verified,Manufacturer page also reports <1% fading rate.
Rayno,Phantom S7,shade,50,50,6.8,6.8,99.9,47,,,IR Rejection,74,,,,,,,,0.66,,,carbon ceramic,,,,manufacturer_web,https://www.raynofilm.com/automotive/phantom,,2026-08-12,verified,Manufacturer page also reports <1% fading rate.
Rayno,Phantom S9,shade,5,5,5.5,5.1,99.9,70,,,IR Rejection,92,,,,,,,,0.44,,,carbon ceramic,,,,manufacturer_web,https://www.raynofilm.com/automotive/phantom,,2026-08-12,verified,Manufacturer page also reports <1% fading rate.
Rayno,Phantom S9,shade,15,15,5.0,5.2,99.9,66,,,IR Rejection,93,,,,,,,,0.48,,,carbon ceramic,,,,manufacturer_web,https://www.raynofilm.com/automotive/phantom,,2026-08-12,verified,Manufacturer page also reports <1% fading rate.
Rayno,Phantom S9,shade,20,20,5.1,5.4,99.9,64,,,IR Rejection,93,,,,,,,,0.49,,,carbon ceramic,,,,manufacturer_web,https://www.raynofilm.com/automotive/phantom,,2026-08-12,verified,Manufacturer page also reports <1% fading rate.
Rayno,Phantom S9,shade,30,30,5.5,5.8,99.9,59,,,IR Rejection,91,,,,,,,,0.54,,,carbon ceramic,,,,manufacturer_web,https://www.raynofilm.com/automotive/phantom,,2026-08-12,verified,Manufacturer page also reports <1% fading rate.
Rayno,Phantom S9,shade,35,35,6.4,6.0,99.9,58,,,IR Rejection,92,,,,,,,,0.55,,,carbon ceramic,,,,manufacturer_web,https://www.raynofilm.com/automotive/phantom,,2026-08-12,verified,Manufacturer page also reports <1% fading rate.
Rayno,Phantom S9,shade,40,40,6.2,6.3,99.9,54,,,IR Rejection,92,,,,,,,,0.59,,,carbon ceramic,,,,manufacturer_web,https://www.raynofilm.com/automotive/phantom,,2026-08-12,verified,Manufacturer page also reports <1% fading rate.
Rayno,Phantom S9,shade,50,50,6.2,6.3,99.9,53,,,IR Rejection,92,,,,,,,,0.59,,,carbon ceramic,,,,manufacturer_web,https://www.raynofilm.com/automotive/phantom,,2026-08-12,verified,Manufacturer page also reports <1% fading rate.
Rayno,Platinum Air 7090,shade,70,70,7.3,,99,42,,,,,,,,,,52.4,0.70,0.58,,,,,,manufacturer_web_table,https://www.raynofilm.com/product/platinum-air-7090/,,2026-08-12,verified,Captured manufacturer table also reports U-value 6.03 W/m2K and color Blue.
Helios Window Films,Orbit,shade,5,5,,,99,44,,,,,,,,,,,,,1.5,Gen 4 deep dye / color stable,Lifetime,,,manufacturer_chart,https://helioswindowfilm.com/automotive/,,2026-08-12,verified,
Helios Window Films,Orbit,shade,15,14,,,99,43,,,,,,,,,,,,,1.5,Gen 4 deep dye / color stable,Lifetime,,,manufacturer_chart,https://helioswindowfilm.com/automotive/,,2026-08-12,verified,
Helios Window Films,Orbit,shade,20,19,,,99,41,,,,,,,,,,,,,1.5,Gen 4 deep dye / color stable,Lifetime,,,manufacturer_chart,https://helioswindowfilm.com/automotive/,,2026-08-12,verified,
Helios Window Films,Orbit,shade,35,32,,,99,38,,,,,,,,,,,,,1.5,Gen 4 deep dye / color stable,Lifetime,,,manufacturer_chart,https://helioswindowfilm.com/automotive/,,2026-08-12,verified,
Helios Window Films,Orbit,shade,50,49,,,99,35,,,,,,,,,,,,,1.5,Gen 4 deep dye / color stable,Lifetime,,,manufacturer_chart,https://helioswindowfilm.com/automotive/,,2026-08-12,verified,
Helios Window Films,Nova,shade,5,6,,,99,,,,,,,,,,,,,,1.5,nano carbon / dye free,Lifetime,,,manufacturer_chart,https://helioswindowfilm.com/automotive/,,2026-08-12,verified,"The captured chart's 5% TSER and 50% VLT labels were not legible enough to transcribe confidently, so those values remain blank."
Helios Window Films,Nova,shade,15,15,,,99,53,,,,,,,,,,,,,1.5,nano carbon / dye free,Lifetime,,,manufacturer_chart,https://helioswindowfilm.com/automotive/,,2026-08-12,verified,"The captured chart's 5% TSER and 50% VLT labels were not legible enough to transcribe confidently, so those values remain blank."
Helios Window Films,Nova,shade,20,20,,,99,52,,,,,,,,,,,,,1.5,nano carbon / dye free,Lifetime,,,manufacturer_chart,https://helioswindowfilm.com/automotive/,,2026-08-12,verified,"The captured chart's 5% TSER and 50% VLT labels were not legible enough to transcribe confidently, so those values remain blank."
Helios Window Films,Nova,shade,35,35,,,99,41,,,,,,,,,,,,,1.5,nano carbon / dye free,Lifetime,,,manufacturer_chart,https://helioswindowfilm.com/automotive/,,2026-08-12,verified,"The captured chart's 5% TSER and 50% VLT labels were not legible enough to transcribe confidently, so those values remain blank."
Helios Window Films,Nova,shade,40,40,,,99,35,,,,,,,,,,,,,1.5,nano carbon / dye free,Lifetime,,,manufacturer_chart,https://helioswindowfilm.com/automotive/,,2026-08-12,verified,"The captured chart's 5% TSER and 50% VLT labels were not legible enough to transcribe confidently, so those values remain blank."
Helios Window Films,Nova,shade,50,,,,99,34,,,,,,,,,,,,,1.5,nano carbon / dye free,Lifetime,,,manufacturer_chart,https://helioswindowfilm.com/automotive/,,2026-08-12,verified,"The captured chart's 5% TSER and 50% VLT labels were not legible enough to transcribe confidently, so those values remain blank."
Helios Window Films,Super Nova,shade,5,5,,,99,65,,,,,,,,,,,,,1.5,nano carbon ceramic / dye free,Lifetime,,,manufacturer_chart,https://helioswindowfilm.com/automotive/,,2026-08-12,verified,Values transcribed only where legible from the captured official chart.
Helios Window Films,Super Nova,shade,15,14,,,99,60,,,,,,,,,,,,,1.5,nano carbon ceramic / dye free,Lifetime,,,manufacturer_chart,https://helioswindowfilm.com/automotive/,,2026-08-12,verified,Values transcribed only where legible from the captured official chart.
Helios Window Films,Super Nova,shade,20,19,,,99,55,,,,,,,,,,,,,1.5,nano carbon ceramic / dye free,Lifetime,,,manufacturer_chart,https://helioswindowfilm.com/automotive/,,2026-08-12,verified,Values transcribed only where legible from the captured official chart.
Helios Window Films,Super Nova,shade,35,36,,,99,50,,,,,,,,,,,,,1.5,nano carbon ceramic / dye free,Lifetime,,,manufacturer_chart,https://helioswindowfilm.com/automotive/,,2026-08-12,verified,Values transcribed only where legible from the captured official chart.
Helios Window Films,Super Nova,shade,40,39,,,99,47,,,,,,,,,,,,,1.5,nano carbon ceramic / dye free,Lifetime,,,manufacturer_chart,https://helioswindowfilm.com/automotive/,,2026-08-12,verified,Values transcribed only where legible from the captured official chart.
Helios Window Films,Super Nova,shade,50,51,,,99,35,,,,,,,,,,,,,1.5,nano carbon ceramic / dye free,Lifetime,,,manufacturer_chart,https://helioswindowfilm.com/automotive/,,2026-08-12,verified,Values transcribed only where legible from the captured official chart.
Helios Window Films,Super Nova,shade,70,68,,,99,35,,,,,,,,,,,,,1.5,nano carbon ceramic / dye free,Lifetime,,,manufacturer_chart,https://helioswindowfilm.com/automotive/,,2026-08-12,verified,Values transcribed only where legible from the captured official chart.
GeoShield,Pro Classic,product,,5|15|20|35|40|50,, ,99%+,,30-42,,,,,,,,,,,,1.5,dyed,Lifetime,,,manufacturer_comparison_table,https://geoshieldusa.com/collections/automotive-window-film,,2026-08-12,verified_product_level,"VLTs Offered: 5, 15, 20, 35, 40, 50. Manufacturer color description: Deep Dyed Blacks. Product-level ranges are not applied to individual shades."
GeoShield,C2,product,,2|5|15|20|35|40|50,, ,99%+,,33-65,,IR Rejection Range,34-83,,,,,,,,,1.5,carbon,Lifetime,,,manufacturer_comparison_table,https://geoshieldusa.com/collections/automotive-window-film,,2026-08-12,verified_product_level,"VLTs Offered: 2, 5, 15, 20, 35, 40, 50. Manufacturer color description: Neutral Carbon. Product-level ranges are not applied to individual shades."
GeoShield,C2 Ceramic,product,,5|15|20|35|40|50|75,, ,99%+,,35-63,,IR Rejection Range,71-85,,,,,,,,,1.5,ceramic,Lifetime,,,manufacturer_comparison_table,https://geoshieldusa.com/collections/automotive-window-film,,2026-08-12,verified_product_level,"VLTs Offered: 5, 15, 20, 35, 40, 50, 75. Manufacturer color description: Neutral Carbon. Product-level ranges are not applied to individual shades."
GeoShield,ProNano,product,,5|15|20|35|40|50|70,, ,99%+,,49-66,,IR Rejection Range,76-83,,,,,,,,,2,ceramic,Lifetime,,,manufacturer_comparison_table,https://geoshieldusa.com/collections/automotive-window-film,,2026-08-12,verified_product_level,"VLTs Offered: 5, 15, 20, 35, 40, 50, 70. Manufacturer color description: Deep Dyed Blacks. Product-level ranges are not applied to individual shades."
GeoShield,Apex Ultra,product,,5|15|20|35|40|50|70,, ,99%+,,49-70,,IR Rejection Range,95 (all),,,,,,,,,2,super ceramic,Lifetime,,,manufacturer_comparison_table,https://geoshieldusa.com/collections/automotive-window-film,,2026-08-12,verified_product_level,"VLTs Offered: 5, 15, 20, 35, 40, 50, 70. Manufacturer color description: Cool Ceramic Neutral. Product-level ranges are not applied to individual shades."
Uviron,PUREMAX Supreme Carbon,product,,,,,99,,up to 58,,IR summary,up to 59,,,,,,,,,,nano carbon,Lifetime,,,manufacturer_overview,https://uviron.com/pages/film-spec-overview,,2026-08-12,conflicting,Stored as source-specific product-level summary only. Current manufacturer individual product pages publish different summary ranges; do not reconcile or apply to individual shades.
Uviron,KOOLMAX Supreme Ceramic,product,,,,,99,,up to 64,,IR summary,up to 89,,,,,,,,,,nano ceramic,Lifetime,,,manufacturer_overview,https://uviron.com/pages/film-spec-overview,,2026-08-12,conflicting,Stored as source-specific product-level summary only. Current manufacturer individual product pages publish different summary ranges; do not reconcile or apply to individual shades.
Uviron,MEGAMAX Ultimate Ceramic,product,,,,,99,,up to 72,,IR summary,up to 98,,,,,,,,,,maximum nano ceramic,Lifetime,,,manufacturer_overview,https://uviron.com/pages/film-spec-overview,,2026-08-12,conflicting,Stored as source-specific product-level summary only. Current manufacturer individual product pages publish different summary ranges; do not reconcile or apply to individual shades.
Scorpion,Carbon Plus Series,product,,5|15|20|35|50,,,99,,,,,,,,,,,,,1.5,carbon / color-stable,Lifetime,,,manufacturer_series_card,https://scorpionwindowfilm.com/automotive-film/,,2026-08-12,partial,"Available VLT range from captured manufacturer series card: 5, 15, 20, 35, 50. TSER/IRR remain blank because no complete authoritative shade table was captured."
Scorpion,Carbon Series,product,,3|5|15|20|35|40|50|70,,,99,,,,,,,,,,,,,1.5,advanced carbon deposit,Lifetime,,,manufacturer_series_card,https://scorpionwindowfilm.com/automotive-film/,,2026-08-12,partial,"Available VLT range from captured manufacturer series card: 3, 5, 15, 20, 35, 40, 50, 70. TSER/IRR remain blank because no complete authoritative shade table was captured."
Scorpion,King Pro Series,product,,5|15|20|35|50,,,99,,,,,,,,,,,,,1.5,carbon-metalized,Lifetime,,,manufacturer_series_card,https://scorpionwindowfilm.com/automotive-film/,,2026-08-12,partial,"Available VLT range from captured manufacturer series card: 5, 15, 20, 35, 50. TSER/IRR remain blank because no complete authoritative shade table was captured."
Scorpion,Shield Series,product,,5|15|20|35|50,,,99,,,,,,,,,,,,,1.5,nano-ceramic IR,Lifetime,,,manufacturer_series_card,https://scorpionwindowfilm.com/automotive-film/,,2026-08-12,partial,"Available VLT range from captured manufacturer series card: 5, 15, 20, 35, 50. TSER/IRR remain blank because no complete authoritative shade table was captured."
Scorpion,Shield Plus,product,,5|15|20|35|50|70,,,99,,,,,,,,,,,,,1.5,advanced nano-ceramic,Lifetime,,,manufacturer_series_card,https://scorpionwindowfilm.com/automotive-film/,,2026-08-12,partial,"Available VLT range from captured manufacturer series card: 5, 15, 20, 35, 50, 70. TSER/IRR remain blank because no complete authoritative shade table was captured."
